title,genre,text
Libro 1,Romance,Ella lo miró a los ojos y supo que su corazón había encontrado su destino en aquel instante.
Libro 2,Romance,Ella lo miró a los ojos y supo que su corazón había encontrado su destino en aquel instante.
Libro 3,Ciencia ficción,"La nave espacial aterrizó en el planeta desconocido, donde los androides dominaban la civilización."
Libro 4,Fantasía,El dragón custodiaba el castillo encantado mientras los magos preparaban el hechizo final.
Libro 5,Policial,El detective encontró una pista crucial en la escena del crimen que cambiaría el curso de la investigación.
Libro 6,Novela,"El protagonista vivía en un pueblo lejano, donde los días pasaban lentamente entre recuerdos y esperanzas."
Libro 7,Romance,Ella lo miró a los ojos y supo que su corazón había encontrado su destino en aquel instante.
Libro 8,Romance,Ella lo miró a los ojos y supo que su corazón había encontrado su destino en aquel instante.
Libro 9,Ensayo,La sociedad contemporánea enfrenta desafíos éticos que requieren una reflexión profunda sobre sus valores.
Libro 10,Ciencia ficción,"La nave espacial aterrizó en el planeta desconocido, donde los androides dominaban la civilización."
Libro 11,Policial,El detective encontró una pista crucial en la escena del crimen que cambiaría el curso de la investigación.
Libro 12,Policial,El detective encontró una pista crucial en la escena del crimen que cambiaría el curso de la investigación.
Libro 13,Romance,Ella lo miró a los ojos y supo que su corazón había encontrado su destino en aquel instante.
Libro 14,Historia,"Durante el siglo XIX, las revoluciones marcaron el destino de las naciones europeas."
Libro 15,Ensayo,La sociedad contemporánea enfrenta desafíos éticos que requieren una reflexión profunda sobre sus valores.
Libro 16,Ciencia ficción,"La nave espacial aterrizó en el planeta desconocido, donde los androides dominaban la civilización."
Libro 17,Novela,"El protagonista vivía en un pueblo lejano, donde los días pasaban lentamente entre recuerdos y esperanzas."
Libro 18,Novela,"El protagonista vivía en un pueblo lejano, donde los días pasaban lentamente entre recuerdos y esperanzas."
Libro 19,Policial,El detective encontró una pista crucial en la escena del crimen que cambiaría el curso de la investigación.
Libro 20,Policial,El detective encontró una pista crucial en la escena del crimen que cambiaría el curso de la investigación.
Libro 21,Historia,"Durante el siglo XIX, las revoluciones marcaron el destino de las naciones europeas."
Libro 22,Ciencia ficción,"La nave espacial aterrizó en el planeta desconocido, donde los androides dominaban la civilización."
Libro 23,Historia,"Durante el siglo XIX, las revoluciones marcaron el destino de las naciones europeas."
Libro 24,Historia,"Durante el siglo XIX, las revoluciones marcaron el destino de las naciones europeas."
Libro 25,Romance,Ella lo miró a los ojos y supo que su corazón había encontrado su destino en aquel instante.
Libro 26,Fantasía,El dragón custodiaba el castillo encantado mientras los magos preparaban el hechizo final.
Libro 27,Historia,"Durante el siglo XIX, las revoluciones marcaron el destino de las naciones europeas."
Libro 28,Romance,Ella lo miró a los ojos y supo que su corazón había encontrado su destino en aquel instante.
Libro 29,Ciencia ficción,"La nave espacial aterrizó en el planeta desconocido, donde los androides dominaban la civilización."
Libro 30,Historia,"Durante el siglo XIX, las revoluciones marcaron el destino de las naciones europeas."
Libro 31,Ciencia ficción,"La nave espacial aterrizó en el planeta desconocido, donde los androides dominaban la civilización."
Libro 32,Fantasía,El dragón custodiaba el castillo encantado mientras los magos preparaban el hechizo final.
Libro 33,Romance,Ella lo miró a los ojos y supo que su corazón había encontrado su destino en aquel instante.
Libro 34,Novela,"El protagonista vivía en un pueblo lejano, donde los días pasaban lentamente entre recuerdos y esperanzas."
Libro 35,Policial,El detective encontró una pista crucial en la escena del crimen que cambiaría el curso de la investigación.
Libro 36,Fantasía,El dragón custodiaba el castillo encantado mientras los magos preparaban el hechizo final.
Libro 37,Romance,Ella lo miró a los ojos y supo que su corazón había encontrado su destino en aquel instante.
Libro 38,Novela,"El protagonista vivía en un pueblo lejano, donde los días pasaban lentamente entre recuerdos y esperanzas."
Libro 39,Romance,Ella lo miró a los ojos y supo que su corazón había encontrado su destino en aquel instante.
Libro 40,Ensayo,La sociedad contemporánea enfrenta desafíos éticos que requieren una reflexión profunda sobre sus valores.
Libro 41,Historia,"Durante el siglo XIX, las revoluciones marcaron el destino de las naciones europeas."
Libro 42,Fantasía,El dragón custodiaba el castillo encantado mientras los magos preparaban el hechizo final.
Libro 43,Romance,Ella lo miró a los ojos y supo que su corazón había encontrado su destino en aquel instante.
Libro 44,Historia,"Durante el siglo XIX, las revoluciones marcaron el destino de las naciones europeas."
Libro 45,Ensayo,La sociedad contemporánea enfrenta desafíos éticos que requieren una reflexión profunda sobre sus valores.
Libro 46,Fantasía,El dragón custodiaba el castillo encantado mientras los magos preparaban el hechizo final.
Libro 47,Romance,Ella lo miró a los ojos y supo que su corazón había encontrado su destino en aquel instante.
Libro 48,Fantasía,El dragón custodiaba el castillo encantado mientras los magos preparaban el hechizo final.
Libro 49,Fantasía,El dragón custodiaba el castillo encantado mientras los magos preparaban el hechizo final.
Libro 50,Novela,"El protagonista vivía en un pueblo lejano, donde los días pasaban lentamente entre recuerdos y esperanzas."
Libro 51,Ciencia ficción,"La nave espacial aterrizó en el planeta desconocido, donde los androides dominaban la civilización."
Libro 52,Fantasía,El dragón custodiaba el castillo encantado mientras los magos preparaban el hechizo final.
Libro 53,Ensayo,La sociedad contemporánea enfrenta desafíos éticos que requieren una reflexión profunda sobre sus valores.
Libro 54,Ensayo,La sociedad contemporánea enfrenta desafíos éticos que requieren una reflexión profunda sobre sus valores.
Libro 55,Novela,"El protagonista vivía en un pueblo lejano, donde los días pasaban lentamente entre recuerdos y esperanzas."
Libro 56,Ensayo,La sociedad contemporánea enfrenta desafíos éticos que requieren una reflexión profunda sobre sus valores.
Libro 57,Novela,"El protagonista vivía en un pueblo lejano, donde los días pasaban lentamente entre recuerdos y esperanzas."
Libro 58,Fantasía,El dragón custodiaba el castillo encantado mientras los magos preparaban el hechizo final.
Libro 59,Ensayo,La sociedad contemporánea enfrenta desafíos éticos que requieren una reflexión profunda sobre sus valores.
Libro 60,Novela,"El protagonista vivía en un pueblo lejano, donde los días pasaban lentamente entre recuerdos y esperanzas."
Libro 61,Fantasía,El dragón custodiaba el castillo encantado mientras los magos preparaban el hechizo final.
Libro 62,Historia,"Durante el siglo XIX, las revoluciones marcaron el destino de las naciones europeas."
Libro 63,Policial,El detective encontró una pista crucial en la escena del crimen que cambiaría el curso de la investigación.
Libro 64,Novela,"El protagonista vivía en un pueblo lejano, donde los días pasaban lentamente entre recuerdos y esperanzas."
Libro 65,Novela,"El protagonista vivía en un pueblo lejano, donde los días pasaban lentamente entre recuerdos y esperanzas."
Libro 66,Ciencia ficción,"La nave espacial aterrizó en el planeta desconocido, donde los androides dominaban la civilización."
Libro 67,Policial,El detective encontró una pista crucial en la escena del crimen que cambiaría el curso de la investigación.
Libro 68,Romance,Ella lo miró a los ojos y supo que su corazón había encontrado su destino en aquel instante.
Libro 69,Historia,"Durante el siglo XIX, las revoluciones marcaron el destino de las naciones europeas."
Libro 70,Romance,Ella lo miró a los ojos y supo que su corazón había encontrado su destino en aquel instante.
Libro 71,Romance,Ella lo miró a los ojos y supo que su corazón había encontrado su destino en aquel instante.
Libro 72,Ciencia ficción,"La nave espacial aterrizó en el planeta desconocido, donde los androides dominaban la civilización."
Libro 73,Romance,Ella lo miró a los ojos y supo que su corazón había encontrado su destino en aquel instante.
Libro 74,Romance,Ella lo miró a los ojos y supo que su corazón había encontrado su destino en aquel instante.
Libro 75,Fantasía,El dragón custodiaba el castillo encantado mientras los magos preparaban el hechizo final.
Libro 76,Ciencia ficción,"La nave espacial aterrizó en el planeta desconocido, donde los androides dominaban la civilización."
Libro 77,Policial,El detective encontró una pista crucial en la escena del crimen que cambiaría el curso de la investigación.
Libro 78,Policial,El detective encontró una pista crucial en la escena del crimen que cambiaría el curso de la investigación.
Libro 79,Policial,El detective encontró una pista crucial en la escena del crimen que cambiaría el curso de la investigación.
Libro 80,Ciencia ficción,"La nave espacial aterrizó en el planeta desconocido, donde los androides dominaban la civilización."
Libro 81,Fantasía,El dragón custodiaba el castillo encantado mientras los magos preparaban el hechizo final.
Libro 82,Ciencia ficción,"La nave espacial aterrizó en el planeta desconocido, donde los androides dominaban la civilización."
Libro 83,Historia,"Durante el siglo XIX, las revoluciones marcaron el destino de las naciones europeas."
Libro 84,Policial,El detective encontró una pista crucial en la escena del crimen que cambiaría el curso de la investigación.
Libro 85,Ensayo,La sociedad contemporánea enfrenta desafíos éticos que requieren una reflexión profunda sobre sus valores.
Libro 86,Policial,El detective encontró una pista crucial en la escena del crimen que cambiaría el curso de la investigación.
Libro 87,Ensayo,La sociedad contemporánea enfrenta desafíos éticos que requieren una reflexión profunda sobre sus valores.
Libro 88,Fantasía,El dragón custodiaba el castillo encantado mientras los magos preparaban el hechizo final.
Libro 89,Ensayo,La sociedad contemporánea enfrenta desafíos éticos que requieren una reflexión profunda sobre sus valores.
Libro 90,Romance,Ella lo miró a los ojos y supo que su corazón había encontrado su destino en aquel instante.
Libro 91,Ciencia ficción,"La nave espacial aterrizó en el planeta desconocido, donde los androides dominaban la civilización."
Libro 92,Historia,"Durante el siglo XIX, las revoluciones marcaron el destino de las naciones europeas."
Libro 93,Fantasía,El dragón custodiaba el castillo encantado mientras los magos preparaban el hechizo final.
Libro 94,Historia,"Durante el siglo XIX, las revoluciones marcaron el destino de las naciones europeas."
Libro 95,Ciencia ficción,"La nave espacial aterrizó en el planeta desconocido, donde los androides dominaban la civilización."
Libro 96,Novela,"El protagonista vivía en un pueblo lejano, donde los días pasaban lentamente entre recuerdos y esperanzas."
Libro 97,Novela,"El protagonista vivía en un pueblo lejano, donde los días pasaban lentamente entre recuerdos y esperanzas."
Libro 98,Fantasía,El dragón custodiaba el castillo encantado mientras los magos preparaban el hechizo final.
Libro 99,Policial,El detective encontró una pista crucial en la escena del crimen que cambiaría el curso de la investigación.
Libro 100,Ensayo,La sociedad contemporánea enfrenta desafíos éticos que requieren una reflexión profunda sobre sus valores.
